-- phpMyAdmin SQL Dump
-- version 5.1.1
-- https://www.phpmyadmin.net/
--
-- Servidor: 127.0.0.1
-- Tiempo de generación: 17-12-2021 a las 06:24:29
-- Versión del servidor: 10.4.22-MariaDB
-- Versión de PHP: 8.0.13

SET SQL_MODE = "NO_AUTO_VALUE_ON_ZERO";
START TRANSACTION;
SET time_zone = "+00:00";


/*!40101 SET @OLD_CHARACTER_SET_CLIENT=@@CHARACTER_SET_CLIENT */;
/*!40101 SET @OLD_CHARACTER_SET_RESULTS=@@CHARACTER_SET_RESULTS */;
/*!40101 SET @OLD_COLLATION_CONNECTION=@@COLLATION_CONNECTION */;
/*!40101 SET NAMES utf8mb4 */;

--
-- Base de datos: `mibadb`
--

-- --------------------------------------------------------

--
-- Estructura de tabla para la tabla `ofertas`
--

CREATE TABLE `ofertas` (
  `id_oferta` mediumint(8) UNSIGNED NOT NULL,
  `id_usuario` mediumint(8) UNSIGNED NOT NULL,
  `id_prop` mediumint(8) UNSIGNED NOT NULL,
  `dolar` tinyint(1) DEFAULT 0,
  `precio` mediumint(8) UNSIGNED DEFAULT NULL,
  `creacion` date DEFAULT NULL,
  `termina` date DEFAULT NULL,
  `estado` varchar(100) DEFAULT NULL
) ENGINE=InnoDB DEFAULT CHARSET=utf8mb4;

--
-- Volcado de datos para la tabla `ofertas`
--

INSERT INTO `ofertas` (`id_oferta`, `id_usuario`, `id_prop`, `dolar`, `precio`, `creacion`, `termina`, `estado`) VALUES
(1, 93, 1, 1, 884095, '2020-03-01', '2021-05-15', 'vigente'),
(2, 4, 1, 0, 4659215, '2020-02-18', '2021-08-25', 'vigente'),
(3, 9, 1, 0, 366595, '2020-12-12', '2021-12-28', 'vigente'),
(4, 3, 2, 1, 3648640, '2020-09-27', '2021-03-20', 'vigente'),
(5, 90, 2, 1, 3323795, '2020-03-10', '2021-03-25', 'vigente'),
(6, 48, 2, 0, 3695041, '2020-04-13', '2021-08-17', 'vigente'),
(7, 21, 3, 0, 2645995, '2020-01-15', '2021-12-16', 'vigente'),
(8, 39, 3, 0, 304225, '2020-09-16', '2021-09-03', 'vigente'),
(9, 25, 3, 0, 4617325, '2020-03-05', '2021-11-12', 'vigente'),
(10, 50, 4, 1, 1744954, '2020-09-10', '2021-02-03', 'vigente'),
(11, 70, 4, 0, 3763982, '2020-09-17', '2021-02-12', 'vigente'),
(12, 84, 4, 0, 3849680, '2020-11-11', '2021-09-06', 'vigente'),
(13, 81, 5, 0, 3702138, '2020-02-03', '2021-03-15', 'vigente'),
(14, 67, 5, 1, 3173917, '2020-10-20', '2021-05-21', 'vigente'),
(15, 63, 5, 1, 165107, '2020-12-05', '2021-04-20', 'vigente'),
(16, 14, 6, 1, 4672620, '2020-08-18', '2021-10-25', 'vigente'),
(17, 22, 6, 1, 247430, '2020-09-13', '2021-02-17', 'vigente'),
(18, 62, 6, 1, 3732688, '2020-05-17', '2021-06-08', 'vigente'),
(19, 64, 7, 0, 2997288, '2020-03-10', '2021-10-24', 'vigente'),
(20, 20, 7, 1, 4382306, '2020-12-01', '2021-01-04', 'vigente'),
(21, 96, 7, 1, 2108976, '2020-10-15', '2021-06-13', 'vigente'),
(22, 11, 8, 1, 2296402, '2020-03-05', '2021-10-26', 'vigente'),
(23, 85, 8, 0, 190953, '2020-04-07', '2021-04-23', 'vigente'),
(24, 43, 8, 1, 4388576, '2020-04-28', '2021-04-10', 'vigente'),
(25, 67, 9, 1, 4845048, '2020-01-18', '2021-01-02', 'vigente'),
(26, 58, 9, 1, 4735564, '2020-02-23', '2021-01-04', 'vigente'),
(27, 1, 9, 0, 3899694, '2020-12-14', '2021-12-16', 'vigente'),
(28, 59, 10, 0, 3199314, '2020-06-04', '2021-06-06', 'vigente'),
(29, 75, 10, 0, 4727707, '2020-10-18', '2021-10-24', 'vigente'),
(30, 82, 10, 0, 2730978, '2020-01-27', '2021-04-23', 'vigente'),
(31, 61, 11, 1, 2508297, '2020-01-23', '2021-09-05', 'vigente'),
(32, 75, 11, 1, 381654, '2020-10-23', '2021-12-01', 'vigente'),
(33, 1, 11, 0, 4273950, '2020-03-23', '2021-12-13', 'vigente'),
(34, 42, 12, 0, 675064, '2020-01-15', '2021-08-11', 'vigente'),
(35, 81, 12, 1, 4553193, '2020-02-27', '2021-05-03', 'vigente'),
(36, 32, 12, 0, 1751374, '2020-12-27', '2021-08-22', 'vigente'),
(37, 66, 13, 1, 3638802, '2020-02-24', '2021-09-12', 'vigente'),
(38, 81, 13, 0, 4274196, '2020-02-14', '2021-08-20', 'vigente'),
(39, 79, 13, 0, 2362768, '2020-04-04', '2021-10-16', 'vigente'),
(40, 66, 14, 0, 3161274, '2020-09-03', '2021-04-06', 'vigente'),
(41, 74, 14, 1, 518369, '2020-03-23', '2021-07-17', 'vigente'),
(42, 47, 14, 1, 2914385, '2020-10-26', '2021-09-22', 'vigente'),
(43, 6, 15, 1, 4670292, '2020-09-07', '2021-10-09', 'vigente'),
(44, 6, 15, 1, 300151, '2020-05-02', '2021-01-15', 'vigente'),
(45, 50, 15, 0, 4840714, '2020-08-19', '2021-04-09', 'vigente'),
(46, 74, 16, 1, 882336, '2020-10-07', '2021-04-05', 'vigente'),
(47, 50, 16, 0, 1688557, '2020-09-08', '2021-08-23', 'vigente'),
(48, 51, 16, 0, 2782957, '2020-02-08', '2021-03-12', 'vigente'),
(49, 95, 17, 1, 3395795, '2020-07-11', '2021-07-24', 'vigente'),
(50, 68, 17, 0, 4289579, '2020-04-08', '2021-12-12', 'vigente'),
(51, 60, 17, 0, 1984654, '2020-01-20', '2021-12-08', 'vigente'),
(52, 16, 18, 0, 1162202, '2020-06-12', '2021-08-12', 'vigente'),
(53, 11, 18, 0, 4239290, '2020-12-13', '2021-06-21', 'vigente'),
(54, 45, 18, 1, 2746470, '2020-10-17', '2021-08-13', 'vigente'),
(55, 5, 19, 0, 835108, '2020-05-12', '2021-07-08', 'vigente'),
(56, 32, 19, 0, 4342895, '2020-03-04', '2021-02-10', 'vigente'),
(57, 29, 19, 1, 2387192, '2020-12-18', '2021-01-11', 'vigente'),
(58, 25, 20, 0, 2919440, '2020-05-06', '2021-12-26', 'vigente'),
(59, 33, 20, 0, 4201647, '2020-07-14', '2021-09-01', 'vigente'),
(60, 60, 20, 0, 2990339, '2020-06-14', '2021-10-24', 'vigente'),
(61, 88, 21, 1, 1763542, '2020-07-03', '2021-04-18', 'vigente'),
(62, 80, 21, 0, 3793637, '2020-06-12', '2021-06-26', 'vigente'),
(63, 90, 21, 1, 3323389, '2020-01-05', '2021-01-22', 'vigente'),
(64, 66, 22, 0, 3835134, '2020-01-10', '2021-01-02', 'vigente'),
(65, 36, 22, 0, 1386576, '2020-01-13', '2021-05-15', 'vigente'),
(66, 77, 22, 1, 4439064, '2020-10-21', '2021-01-28', 'vigente'),
(67, 67, 23, 1, 3106546, '2020-01-13', '2021-07-01', 'vigente'),
(68, 34, 23, 0, 4171496, '2020-11-27', '2021-11-05', 'expirada'),
(69, 52, 23, 0, 504172, '2020-07-22', '2021-01-27', 'rechazada'),
(70, 43, 24, 1, 1365679, '2020-06-06', '2021-06-17', 'vigente'),
(71, 100, 24, 1, 1900290, '2020-09-24', '2021-04-10', 'vigente'),
(72, 58, 23, 1, 3492723, '2020-06-15', '2021-04-16', 'vigente'),
(73, 69, 25, 1, 3911235, '2020-12-13', '2021-08-28', 'vigente'),
(74, 10, 25, 0, 4029846, '2020-05-20', '2021-03-28', 'vigente'),
(75, 96, 25, 0, 4945047, '2020-07-01', '2021-07-01', 'vigente'),
(76, 23, 26, 1, 3943225, '2020-11-04', '2021-12-22', 'vigente'),
(77, 40, 26, 1, 766113, '2020-09-07', '2021-09-14', 'vigente'),
(78, 12, 26, 1, 3322300, '2020-04-12', '2021-11-02', 'vigente'),
(79, 54, 27, 0, 861037, '2020-10-13', '2021-08-07', 'vigente'),
(80, 52, 27, 1, 4234783, '2020-03-13', '2021-10-23', 'vigente'),
(81, 37, 27, 1, 427632, '2020-11-12', '2021-01-04', 'vigente'),
(82, 32, 28, 1, 4345173, '2020-12-17', '2021-11-15', 'vigente'),
(83, 48, 28, 1, 2870107, '2020-11-06', '2021-10-21', 'vigente'),
(84, 47, 28, 0, 4515977, '2020-09-02', '2021-02-16', 'vigente'),
(85, 39, 29, 1, 1772207, '2020-07-19', '2021-01-11', 'vigente'),
(86, 6, 29, 1, 4726692, '2020-02-16', '2021-03-08', 'vigente'),
(87, 84, 29, 1, 873996, '2020-03-02', '2021-01-10', 'vigente'),
(88, 51, 30, 1, 4306353, '2020-06-16', '2021-09-07', 'vigente'),
(89, 61, 30, 1, 998193, '2020-08-09', '2021-09-04', 'vigente'),
(90, 68, 30, 0, 2313772, '2020-02-09', '2021-05-21', 'vigente'),
(91, 73, 31, 0, 3876057, '2020-04-21', '2021-09-19', 'vigente'),
(92, 48, 31, 1, 3845792, '2020-06-13', '2021-08-15', 'vigente'),
(93, 23, 31, 0, 2058601, '2020-03-13', '2021-05-25', 'vigente'),
(94, 25, 32, 1, 1548515, '2020-07-25', '2021-09-25', 'vigente'),
(95, 87, 32, 0, 1473138, '2020-01-24', '2021-12-17', 'vigente'),
(96, 10, 32, 1, 4801034, '2020-11-11', '2021-05-03', 'vigente'),
(97, 81, 33, 0, 1900070, '2020-10-09', '2021-03-08', 'vigente'),
(98, 57, 33, 1, 185152, '2020-09-22', '2021-06-11', 'vigente'),
(99, 93, 23, 1, 682182, '2020-09-15', '2021-04-24', 'vigente'),
(100, 66, 34, 0, 3309566, '2020-11-28', '2021-10-27', 'rechazada'),
(101, 46, 34, 1, 2639164, '2020-04-28', '2021-05-11', 'rechazada'),
(102, 54, 34, 0, 511624, '2020-02-09', '2021-01-11', 'rechazada'),
(103, 58, 35, 0, 325230, '2020-06-23', '2021-11-24', 'rechazada'),
(104, 4, 35, 0, 3086772, '2020-12-18', '2021-07-18', 'rechazada'),
(105, 41, 35, 1, 3644402, '2020-03-24', '2021-01-10', 'rechazada'),
(106, 60, 36, 1, 974324, '2020-08-10', '2021-02-10', 'rechazada'),
(107, 8, 36, 1, 2739929, '2020-08-10', '2021-01-18', 'rechazada'),
(108, 100, 36, 1, 4601795, '2020-12-15', '2021-12-07', 'rechazada'),
(109, 97, 37, 0, 4762044, '2020-12-15', '2021-07-06', 'rechazada'),
(110, 56, 37, 0, 4225269, '2020-08-11', '2021-06-28', 'rechazada'),
(111, 82, 37, 0, 1762341, '2020-06-01', '2021-12-01', 'rechazada'),
(112, 31, 38, 1, 3306619, '2020-03-25', '2021-03-18', 'rechazada'),
(113, 100, 38, 1, 3623682, '2020-01-06', '2021-02-17', 'rechazada'),
(114, 91, 38, 0, 3900923, '2020-08-22', '2021-08-23', 'rechazada'),
(115, 71, 39, 1, 3133308, '2020-06-04', '2021-09-11', 'rechazada'),
(116, 68, 39, 0, 4560360, '2020-05-17', '2021-12-19', 'rechazada'),
(117, 93, 39, 1, 4974050, '2020-02-14', '2021-10-07', 'rechazada'),
(118, 53, 40, 1, 1042254, '2020-06-11', '2021-01-23', 'rechazada'),
(119, 25, 40, 1, 585908, '2020-03-11', '2021-05-12', 'rechazada'),
(120, 44, 40, 1, 4102168, '2020-07-23', '2021-08-22', 'rechazada'),
(121, 48, 41, 0, 4111709, '2020-05-20', '2021-02-07', 'rechazada'),
(122, 63, 41, 1, 435560, '2020-11-22', '2021-06-12', 'rechazada'),
(123, 41, 41, 0, 328763, '2020-02-15', '2021-11-02', 'rechazada'),
(124, 37, 42, 0, 3555829, '2020-02-22', '2021-08-03', 'rechazada'),
(125, 65, 42, 0, 2881990, '2020-10-18', '2021-12-14', 'rechazada'),
(126, 52, 42, 1, 2155166, '2020-11-23', '2021-09-20', 'rechazada'),
(127, 1, 43, 0, 1230597, '2020-06-15', '2021-03-27', 'rechazada'),
(128, 46, 43, 1, 4498261, '2020-06-18', '2021-04-25', 'rechazada'),
(129, 60, 43, 0, 557169, '2020-05-09', '2021-03-22', 'rechazada'),
(130, 97, 44, 0, 2620077, '2020-02-25', '2021-10-15', 'rechazada'),
(131, 32, 44, 0, 4463231, '2020-04-07', '2021-10-14', 'rechazada'),
(132, 60, 44, 0, 3870365, '2020-02-09', '2021-07-13', 'rechazada'),
(133, 14, 45, 0, 507565, '2020-05-13', '2021-11-24', 'rechazada'),
(134, 61, 45, 1, 3517273, '2020-04-13', '2021-09-25', 'rechazada'),
(135, 8, 45, 0, 4572404, '2020-09-09', '2021-01-25', 'rechazada'),
(136, 2, 46, 1, 3781241, '2020-10-12', '2021-11-18', 'rechazada'),
(137, 35, 46, 1, 3652757, '2020-10-08', '2021-11-14', 'rechazada'),
(138, 76, 46, 0, 4614307, '2020-08-05', '2021-07-18', 'rechazada'),
(139, 52, 47, 0, 1870592, '2020-03-04', '2021-12-04', 'rechazada'),
(140, 23, 47, 0, 4092158, '2020-01-18', '2021-09-06', 'rechazada'),
(141, 14, 47, 0, 1433021, '2020-10-16', '2021-12-13', 'rechazada'),
(142, 2, 48, 0, 1102137, '2020-03-12', '2021-09-26', 'rechazada'),
(143, 13, 48, 0, 4717838, '2020-07-22', '2021-04-06', 'rechazada'),
(144, 12, 48, 0, 798214, '2020-10-22', '2021-02-09', 'rechazada'),
(145, 57, 49, 1, 1505833, '2020-03-16', '2021-08-17', 'rechazada'),
(146, 82, 49, 0, 354933, '2020-09-27', '2021-03-05', 'rechazada'),
(147, 6, 49, 1, 3632844, '2020-03-16', '2021-08-10', 'rechazada'),
(148, 33, 50, 1, 413188, '2020-02-16', '2021-07-06', 'rechazada'),
(149, 43, 50, 1, 1360460, '2020-12-06', '2021-07-06', 'rechazada'),
(150, 80, 50, 1, 3761090, '2020-12-22', '2021-07-28', 'rechazada'),
(151, 66, 51, 1, 4912121, '2020-09-08', '2021-11-21', 'rechazada'),
(152, 22, 51, 0, 1678912, '2020-01-21', '2021-05-08', 'rechazada'),
(153, 49, 51, 1, 127799, '2020-03-14', '2021-03-23', 'rechazada'),
(154, 16, 52, 0, 4245293, '2020-05-24', '2021-03-19', 'rechazada'),
(155, 62, 52, 1, 4224283, '2020-03-11', '2021-10-04', 'rechazada'),
(156, 55, 52, 1, 4990906, '2020-02-17', '2021-12-07', 'rechazada'),
(157, 82, 53, 0, 3781657, '2020-02-21', '2021-03-20', 'rechazada'),
(158, 24, 53, 1, 1903184, '2020-05-15', '2021-11-12', 'rechazada'),
(159, 8, 53, 1, 4870411, '2020-03-18', '2021-04-04', 'rechazada'),
(160, 67, 54, 0, 4505177, '2020-02-13', '2021-05-18', 'rechazada'),
(161, 90, 54, 1, 4091996, '2020-02-27', '2021-01-26', 'rechazada'),
(162, 40, 54, 1, 2558827, '2020-11-11', '2021-10-28', 'rechazada'),
(163, 9, 55, 0, 3857342, '2020-05-09', '2021-01-19', 'rechazada'),
(164, 69, 55, 0, 3106981, '2020-04-25', '2021-02-17', 'rechazada'),
(165, 59, 55, 1, 4924902, '2020-06-01', '2021-11-18', 'rechazada'),
(166, 100, 56, 0, 4524875, '2020-07-06', '2021-05-16', 'rechazada'),
(167, 64, 56, 0, 4760328, '2020-11-19', '2021-07-03', 'rechazada'),
(168, 27, 56, 0, 329544, '2020-01-27', '2021-12-01', 'rechazada'),
(169, 86, 57, 1, 4183092, '2020-10-19', '2021-12-26', 'rechazada'),
(170, 50, 57, 0, 661042, '2020-10-06', '2021-10-13', 'rechazada'),
(171, 95, 57, 1, 491997, '2020-06-02', '2021-12-28', 'rechazada'),
(172, 75, 58, 0, 2481845, '2020-04-15', '2021-07-21', 'rechazada'),
(173, 85, 58, 0, 3984752, '2020-12-13', '2021-06-12', 'rechazada'),
(174, 60, 58, 0, 4825831, '2020-06-18', '2021-06-14', 'rechazada'),
(175, 51, 59, 1, 4828952, '2020-07-21', '2021-09-25', 'rechazada'),
(176, 58, 59, 1, 2921330, '2020-06-23', '2021-02-09', 'rechazada'),
(177, 36, 59, 1, 782028, '2020-03-15', '2021-06-13', 'rechazada'),
(178, 28, 60, 0, 755454, '2020-08-25', '2021-06-18', 'rechazada'),
(179, 49, 60, 0, 3994819, '2020-03-07', '2021-09-26', 'rechazada'),
(180, 68, 60, 1, 2134557, '2020-09-14', '2021-02-23', 'rechazada'),
(181, 1, 61, 1, 3821856, '2020-05-03', '2021-01-24', 'rechazada'),
(182, 95, 61, 1, 3557064, '2020-01-22', '2021-05-20', 'rechazada'),
(183, 47, 61, 1, 4356776, '2020-05-18', '2021-11-22', 'rechazada'),
(184, 13, 62, 1, 3397990, '2020-06-24', '2021-04-12', 'rechazada'),
(185, 6, 62, 0, 4254588, '2020-05-12', '2021-02-01', 'rechazada'),
(186, 24, 62, 0, 1590520, '2020-01-26', '2021-08-21', 'rechazada'),
(187, 50, 63, 0, 1402226, '2020-11-26', '2021-09-25', 'rechazada'),
(188, 20, 63, 0, 2279321, '2020-07-07', '2021-04-01', 'rechazada'),
(189, 57, 63, 0, 4578608, '2020-05-23', '2021-01-10', 'rechazada'),
(190, 88, 64, 1, 434367, '2020-07-26', '2021-05-27', 'rechazada'),
(191, 46, 64, 0, 3013352, '2020-05-03', '2021-03-12', 'rechazada'),
(192, 5, 64, 1, 185310, '2020-12-24', '2021-11-18', 'rechazada'),
(193, 50, 65, 1, 2834944, '2020-12-28', '2021-06-03', 'rechazada'),
(194, 30, 65, 1, 399700, '2020-08-14', '2021-02-03', 'rechazada'),
(195, 83, 65, 0, 4428211, '2020-09-11', '2021-06-11', 'rechazada'),
(196, 72, 66, 1, 740611, '2020-02-10', '2021-06-15', 'rechazada'),
(197, 82, 66, 1, 2566853, '2020-02-09', '2021-02-09', 'rechazada'),
(198, 1, 66, 0, 2201278, '2020-12-05', '2021-10-05', 'rechazada'),
(199, 76, 67, 1, 2048751, '2020-02-28', '2021-12-19', 'rechazada'),
(200, 95, 67, 0, 1132317, '2019-01-25', '2021-05-05', 'expirada'),
(201, 14, 67, 1, 2070695, '2019-01-25', '2021-08-13', 'expirada'),
(202, 46, 68, 0, 802487, '2019-01-25', '2021-11-02', 'expirada'),
(203, 62, 68, 0, 2387889, '2019-01-25', '2021-12-16', 'expirada'),
(204, 31, 68, 0, 1980000, '2019-01-25', '2021-05-18', 'expirada'),
(205, 30, 69, 0, 2445018, '2019-01-25', '2021-01-13', 'expirada'),
(206, 60, 69, 0, 2269473, '2019-01-25', '2021-01-19', 'expirada'),
(207, 53, 69, 0, 1468545, '2019-01-25', '2021-12-12', 'expirada'),
(208, 43, 70, 0, 3595835, '2019-01-25', '2021-02-21', 'expirada'),
(209, 58, 70, 0, 3970075, '2019-01-25', '2021-07-17', 'expirada'),
(210, 43, 70, 0, 3913334, '2019-01-25', '2021-11-17', 'expirada'),
(211, 59, 71, 1, 1952557, '2019-01-25', '2021-12-04', 'expirada'),
(212, 47, 71, 1, 1898808, '2019-01-25', '2021-04-06', 'expirada'),
(213, 15, 71, 1, 3700420, '2019-01-25', '2021-01-10', 'expirada'),
(214, 45, 72, 1, 1938012, '2019-01-25', '2021-04-12', 'expirada'),
(215, 24, 72, 0, 3921648, '2019-01-25', '2021-05-24', 'expirada'),
(216, 74, 72, 0, 4552824, '2019-01-25', '2021-07-18', 'expirada'),
(217, 47, 73, 1, 1183244, '2019-01-25', '2021-02-19', 'expirada'),
(218, 94, 73, 1, 1299285, '2019-01-25', '2021-12-11', 'expirada'),
(219, 60, 73, 1, 2020001, '2019-01-25', '2021-01-19', 'expirada'),
(220, 11, 74, 1, 3560045, '2019-01-25', '2021-12-12', 'expirada'),
(221, 23, 74, 0, 1183624, '2019-01-25', '2021-12-10', 'expirada'),
(222, 42, 74, 1, 566756, '2019-01-25', '2021-12-12', 'expirada'),
(223, 90, 75, 1, 556878, '2019-01-25', '2021-03-21', 'expirada'),
(224, 47, 75, 0, 246166, '2019-01-25', '2021-08-14', 'expirada'),
(225, 9, 75, 0, 2855433, '2019-01-25', '2021-03-25', 'expirada'),
(226, 9, 76, 1, 2958265, '2019-01-25', '2021-05-24', 'expirada'),
(227, 49, 76, 0, 1175677, '2019-01-25', '2021-03-22', 'expirada'),
(228, 28, 76, 1, 195717, '2019-01-25', '2021-11-25', 'expirada'),
(229, 91, 77, 1, 232763, '2019-01-25', '2021-06-18', 'expirada'),
(230, 16, 77, 0, 4475880, '2019-01-25', '2021-06-01', 'expirada'),
(231, 69, 77, 0, 4577353, '2019-01-25', '2021-03-09', 'expirada'),
(232, 53, 78, 1, 1158430, '2019-01-25', '2021-04-18', 'expirada'),
(233, 45, 78, 0, 1703506, '2019-01-25', '2021-08-05', 'expirada'),
(234, 65, 78, 1, 1557014, '2019-01-25', '2021-05-15', 'expirada'),
(235, 27, 79, 0, 1940393, '2019-01-25', '2021-10-24', 'expirada'),
(236, 78, 79, 0, 4838522, '2019-01-25', '2021-09-20', 'expirada'),
(237, 72, 79, 1, 654659, '2019-01-25', '2021-02-06', 'expirada'),
(238, 85, 80, 0, 3876882, '2019-01-25', '2021-09-10', 'expirada'),
(239, 6, 80, 0, 3549734, '2019-01-25', '2021-10-25', 'expirada'),
(240, 7, 80, 1, 731095, '2019-01-25', '2021-02-22', 'expirada'),
(241, 86, 81, 1, 2057561, '2019-01-25', '2021-05-16', 'expirada'),
(242, 46, 81, 0, 455952, '2019-01-25', '2021-08-18', 'expirada'),
(243, 42, 81, 1, 1251434, '2019-01-25', '2021-07-26', 'expirada'),
(244, 7, 82, 0, 3061577, '2019-01-25', '2021-03-26', 'expirada'),
(245, 42, 23, 0, 3498643, '2019-01-25', '2021-04-28', 'expirada'),
(246, 15, 82, 0, 1101113, '2019-01-25', '2021-01-24', 'expirada'),
(247, 11, 83, 1, 4777884, '2019-01-25', '2021-02-22', 'expirada'),
(248, 91, 83, 1, 734895, '2019-01-25', '2021-05-15', 'expirada'),
(249, 35, 83, 1, 1825041, '2019-01-25', '2021-10-04', 'expirada'),
(250, 44, 84, 1, 4895946, '2019-01-25', '2021-03-03', 'expirada'),
(251, 37, 84, 0, 4849416, '2019-01-25', '2021-05-12', 'expirada'),
(252, 79, 84, 1, 2354475, '2019-01-25', '2021-08-19', 'expirada'),
(253, 53, 85, 1, 1905666, '2019-01-25', '2021-06-10', 'expirada'),
(254, 86, 85, 1, 3429939, '2019-01-25', '2021-10-11', 'expirada'),
(255, 79, 85, 0, 1574513, '2019-01-25', '2021-04-21', 'expirada'),
(256, 64, 86, 0, 1542012, '2019-01-25', '2021-01-24', 'expirada'),
(257, 37, 86, 0, 1610569, '2019-01-25', '2021-02-03', 'expirada'),
(258, 46, 86, 1, 4260981, '2019-01-25', '2021-04-28', 'expirada'),
(259, 31, 87, 0, 387332, '2019-01-25', '2021-07-14', 'expirada'),
(260, 73, 87, 0, 3881984, '2019-01-25', '2021-05-03', 'expirada'),
(261, 17, 87, 1, 1346530, '2019-01-25', '2021-06-24', 'expirada'),
(262, 69, 88, 0, 1929766, '2019-01-25', '2021-07-09', 'expirada'),
(263, 91, 88, 0, 2724334, '2019-01-25', '2021-02-07', 'expirada'),
(264, 70, 88, 1, 2350275, '2019-01-25', '2021-02-10', 'expirada'),
(265, 18, 89, 1, 458720, '2019-01-25', '2021-03-11', 'expirada'),
(266, 20, 89, 0, 2405275, '2019-01-25', '2021-06-21', 'expirada'),
(267, 80, 89, 1, 2777020, '2019-01-25', '2021-01-21', 'expirada'),
(268, 94, 90, 1, 3493649, '2019-01-25', '2021-12-04', 'expirada'),
(269, 63, 90, 1, 4690422, '2019-01-25', '2021-04-25', 'expirada'),
(270, 34, 90, 1, 3965715, '2019-01-25', '2021-11-16', 'expirada'),
(271, 34, 91, 1, 4837370, '2019-01-25', '2021-10-13', 'expirada'),
(272, 95, 91, 0, 3154009, '2019-01-25', '2021-04-15', 'expirada'),
(273, 74, 91, 1, 3018889, '2019-01-25', '2021-09-13', 'expirada'),
(274, 25, 92, 0, 3790445, '2019-01-25', '2021-03-23', 'expirada'),
(275, 5, 92, 0, 2340683, '2019-01-25', '2021-10-18', 'expirada'),
(276, 49, 92, 0, 1964613, '2019-01-25', '2021-05-10', 'expirada'),
(277, 54, 93, 0, 815313, '2019-01-25', '2021-12-18', 'expirada'),
(278, 56, 93, 1, 3081433, '2019-01-25', '2021-06-11', 'expirada'),
(279, 89, 93, 1, 615993, '2019-01-25', '2021-05-18', 'expirada'),
(280, 85, 94, 0, 4538107, '2019-01-25', '2021-05-26', 'expirada'),
(281, 76, 94, 0, 2540741, '2019-01-25', '2021-10-14', 'expirada'),
(282, 26, 94, 1, 1372960, '2019-01-25', '2021-05-19', 'expirada'),
(283, 74, 95, 0, 764076, '2019-01-25', '2021-10-28', 'expirada'),
(284, 64, 95, 0, 4035456, '2019-01-25', '2021-08-12', 'expirada'),
(285, 77, 95, 1, 3912661, '2019-01-25', '2021-07-16', 'expirada'),
(286, 69, 96, 0, 4134635, '2019-01-25', '2021-03-25', 'expirada'),
(287, 77, 96, 0, 1860211, '2019-01-25', '2021-05-13', 'expirada'),
(288, 25, 96, 1, 2184359, '2019-01-25', '2021-10-28', 'expirada'),
(289, 75, 97, 1, 2055297, '2019-01-25', '2021-01-08', 'expirada'),
(290, 39, 97, 1, 1989189, '2019-01-25', '2021-08-01', 'expirada'),
(291, 23, 97, 1, 610289, '2019-01-25', '2021-05-20', 'expirada'),
(292, 64, 98, 1, 2666767, '2019-01-25', '2021-09-18', 'expirada'),
(293, 64, 98, 1, 2610400, '2019-01-25', '2021-01-02', 'expirada'),
(294, 13, 98, 1, 3215151, '2019-01-25', '2021-03-10', 'expirada'),
(295, 68, 99, 0, 4806382, '2019-01-25', '2021-06-27', 'expirada'),
(296, 86, 99, 1, 3126315, '2019-01-25', '2021-12-25', 'expirada'),
(297, 3, 99, 1, 1424187, '2019-01-25', '2021-01-19', 'expirada'),
(298, 88, 100, 0, 937588, '2019-01-25', '2021-03-05', 'expirada'),
(299, 61, 100, 0, 2031819, '2019-01-25', '2021-02-07', 'expirada'),
(300, 14, 100, 1, 1635941, '2019-01-25', '2021-04-14', 'expirada'),
(301, 44, 23, 1, 4301279, '2020-11-04', '2021-07-13', 'rechazada'),
(302, 50, 23, 0, 4160351, '2020-05-04', '2021-11-01', 'vigente'),
(303, 72, 23, 1, 2461769, '2020-03-28', '2021-10-12', 'vigente'),
(304, 76, 23, 0, 3027662, '2020-01-19', '2021-04-11', 'rechazada'),
(305, 24, 23, 1, 1244836, '2020-02-15', '2021-09-24', 'expirada'),
(306, 42, 23, 0, 2367661, '2020-08-18', '2021-06-10', 'vigente'),
(307, 72, 23, 1, 4673758, '2020-04-22', '2021-11-04', 'vigente'),
(308, 77, 23, 1, 3489188, '2020-12-05', '2021-06-05', 'rechazada'),
(309, 95, 23, 1, 1127902, '2020-11-06', '2021-12-14', 'vigente'),
(310, 54, 23, 1, 1768967, '2020-04-21', '2021-03-14', 'vigente'),
(311, 1, 23, 1, 50000, '2021-12-17', '2025-08-05', 'rechazada'),
(312, 1, 23, 0, 1000000, '2021-12-17', '2025-05-28', 'rechazada'),
(313, 1, 23, 0, 200000, '2021-12-17', '2022-09-16', 'vigente'),
(314, 1, 23, 0, 500000, '2021-12-17', '2024-10-04', 'vigente'),
(315, 1, 23, 0, 40000, '2021-12-17', '2030-02-04', 'vigente'),
(316, 1, 23, 0, 16777215, '2021-12-17', '2060-12-04', 'vigente'),
(318, 1, 23, 0, 73513, '2021-12-17', '2021-09-23', 'vigente'),
(319, 1, 23, 1, 473753, '2021-12-17', '2026-07-04', 'vigente');

-- --------------------------------------------------------

--
-- Estructura de tabla para la tabla `propiedades`
--

CREATE TABLE `propiedades` (
  `id_prop` mediumint(8) UNSIGNED NOT NULL,
  `id_usuario` mediumint(8) UNSIGNED NOT NULL,
  `img_path` varchar(255) NOT NULL,
  `dir` varchar(100) NOT NULL,
  `barrio` varchar(100) NOT NULL,
  `tipo` varchar(100) NOT NULL,
  `ambientes` tinyint(3) UNSIGNED DEFAULT NULL,
  `baños` tinyint(3) UNSIGNED DEFAULT NULL,
  `venta` mediumint(8) UNSIGNED DEFAULT NULL,
  `alquiler` mediumint(8) UNSIGNED DEFAULT NULL,
  `dolar` tinyint(1) DEFAULT 0,
  `aire` tinyint(1) DEFAULT 0,
  `balcon` tinyint(1) DEFAULT 0,
  `pileta` tinyint(1) DEFAULT 0,
  `jardin` tinyint(1) DEFAULT 0,
  `gym` tinyint(1) DEFAULT 0,
  `estacionamiento` tinyint(1) DEFAULT 0,
  `activa` tinyint(1) DEFAULT 1,
  `superficie` smallint(5) UNSIGNED DEFAULT NULL,
  `superficie_cubierta` smallint(5) UNSIGNED DEFAULT NULL,
  `certificada` tinyint(1) DEFAULT 0,
  `antiguedad` tinyint(3) UNSIGNED DEFAULT NULL,
  `autor` varchar(50) DEFAULT NULL
) ENGINE=InnoDB DEFAULT CHARSET=utf8mb4;

--
-- Volcado de datos para la tabla `propiedades`
--

INSERT INTO `propiedades` (`id_prop`, `id_usuario`, `img_path`, `dir`, `barrio`, `tipo`, `ambientes`, `baños`, `venta`, `alquiler`, `dolar`, `aire`, `balcon`, `pileta`, `jardin`, `gym`, `estacionamiento`, `activa`, `superficie`, `superficie_cubierta`, `certificada`, `antiguedad`, `autor`) VALUES
(1, 98, '..\\assets\\usuarios\\98\\1\\1.jpg', ' Peatonal Miguel Angel Camino 1100', 'Recoleta', 'Oficina', 1, 1, 273487, 0, 0, 0, 0, 0, 1, 1, 0, 1, 6099, 4251, 0, 193, 'miba'),
(2, 43, '..\\assets\\usuarios\\43\\2\\1.jpg', ' Roentgen 578', 'Villa Luro', 'Cochera', 1, 1, 0, 91251, 1, 0, 0, 0, 0, 0, 0, 1, 7870, 3982, 0, 199, 'inmobiliaria'),
(3, 53, '..\\assets\\usuarios\\53\\3\\1.jpg', ' Tte Gral Donato Alvarez 1657', 'La Boca', 'Oficina', 4, 3, 0, 76995, 0, 0, 0, 0, 1, 0, 1, 1, 4402, 2486, 0, 80, 'miba'),
(4, 16, '..\\assets\\usuarios\\16\\4\\1.jpg', ' Gral Fructuoso Rivera 1301', 'Floresta', 'Departamento', 3, 2, 451919, 0, 0, 1, 0, 1, 1, 0, 1, 1, 3424, 1617, 0, 87, 'inmobiliaria'),
(5, 66, '..\\assets\\usuarios\\66\\5\\1.jpg', ' Santa Maria del Buen Aire 717', 'Villa Urquiza', 'Departamento', 2, 1, 171025, 0, 1, 0, 0, 0, 1, 1, 0, 1, 8309, 3830, 0, 47, 'miba'),
(6, 44, '..\\assets\\usuarios\\44\\6\\1.jpg', ' Carlos Maria Ramirez 54', 'Monte Castro', 'Cochera', 1, 1, 0, 96581, 1, 0, 0, 0, 0, 0, 0, 1, 9500, 6653, 0, 168, 'miba'),
(7, 88, '..\\assets\\usuarios\\88\\7\\1.jpg', ' Crisostomo Alvarez 353', 'Almagro', 'Casa', 1, 3, 0, 46951, 1, 1, 1, 0, 1, 1, 0, 1, 8002, 7057, 0, 102, 'inmobiliaria'),
(8, 26, '..\\assets\\usuarios\\26\\8\\1.jpg', ' Juana de Ibarbourou 1375', 'Boedo', 'Oficina', 3, 2, 742666, 0, 0, 0, 0, 1, 1, 1, 0, 1, 9823, 7623, 0, 115, 'miba'),
(9, 1, '..\\assets\\usuarios\\86\\9\\1.jpg', ' Diego Paroissien 785', 'Belgrano', 'Oficina', 2, 2, 578437, 0, 1, 0, 0, 1, 1, 1, 1, 1, 8368, 5369, 0, 144, 'miba'),
(10, 17, '..\\assets\\usuarios\\17\\10\\1.jpg', ' Jose A Salmun Feijoo 871', 'Balvanera', 'Departamento', 4, 3, 197828, 0, 1, 0, 1, 0, 0, 1, 0, 1, 5251, 3501, 1, 60, 'inmobiliaria'),
(11, 9, '..\\assets\\usuarios\\9\\11\\1.jpg', ' Peatonal Mons Franceschi 814', 'Villa Devoto', 'Oficina', 4, 2, 796509, 0, 1, 1, 1, 0, 0, 0, 1, 1, 6431, 5322, 0, 42, 'miba'),
(12, 82, '..\\assets\\usuarios\\82\\12\\1.jpg', ' Pueblo Miraflores 1236', 'Villa Ortúzar', 'Departamento', 1, 2, 0, 65865, 1, 0, 1, 1, 0, 1, 0, 1, 9818, 6200, 1, 182, 'inmobiliaria'),
(13, 22, '..\\assets\\usuarios\\22\\13\\1.jpg', ' Andres Arguibel 1216', 'San Cristóbal', 'Oficina', 1, 1, 533734, 0, 0, 1, 0, 1, 0, 1, 1, 1, 9721, 3476, 1, 24, 'miba'),
(14, 37, '..\\assets\\usuarios\\37\\14\\1.jpg', ' Elsa O Connor 1999', 'Parque Avellaneda', 'Casa', 4, 1, 0, 59303, 0, 0, 0, 0, 1, 1, 0, 1, 1819, 1727, 0, 156, 'miba'),
(15, 32, '..\\assets\\usuarios\\32\\15\\1.jpg', ' Jose A Salmun Feijoo 1552', 'Villa Pueyrredón', 'Departamento', 2, 3, 936108, 0, 0, 1, 0, 0, 0, 0, 1, 1, 4782, 436, 0, 42, 'inmobiliaria'),
(16, 70, '..\\assets\\usuarios\\70\\16\\1.jpg', ' Pedro Franco 1600', 'Villa General Mitre', 'Casa', 3, 2, 328472, 0, 0, 0, 1, 1, 0, 0, 1, 1, 1282, 1255, 1, 103, 'miba'),
(17, 92, '..\\assets\\usuarios\\92\\17\\1.jpg', ' Pirovano 324', 'San Nicolás', 'Terreno', 1, 1, 0, 25818, 1, 0, 0, 0, 0, 0, 0, 1, 4671, 0, 1, 200, 'propietario'),
(18, 94, '..\\assets\\usuarios\\94\\18\\1.jpg', ' Parral 1738', 'San Telmo', 'Terreno', 1, 1, 602883, 0, 0, 0, 0, 0, 0, 0, 0, 1, 6116, 0, 0, 200, 'propietario'),
(19, 99, '..\\assets\\usuarios\\99\\19\\1.jpg', ' Junin 827', 'Villa Ortúzar', 'Departamento', 2, 3, 902323, 0, 1, 0, 0, 1, 1, 1, 1, 1, 1913, 921, 1, 103, 'inmobiliaria'),
(20, 41, '..\\assets\\usuarios\\41\\20\\1.jpg', ' Colpayo 1624', 'Vélez Sarsfield', 'Cochera', 1, 1, 125798, 0, 0, 0, 0, 0, 0, 0, 0, 1, 9404, 7560, 0, 109, 'propietario'),
(21, 2, '..\\assets\\usuarios\\2\\21\\1.jpg', ' Fgta la Argentina 939', 'Palermo', 'Terreno', 1, 1, 0, 78190, 1, 0, 0, 0, 0, 0, 0, 1, 660, 0, 1, 200, 'propietario'),
(22, 56, '..\\assets\\usuarios\\56\\22\\1.jpg', ' Juan P Calou 259', 'Retiro', 'Casa', 3, 2, 0, 32211, 0, 1, 0, 0, 1, 1, 0, 1, 7521, 6773, 1, 148, 'inmobiliaria'),
(23, 20, '..\\assets\\usuarios\\20\\23\\1.jpg', ' Francisco Beiro 1599', 'Montserrat', 'Casa', 1, 1, 413868, 0, 0, 1, 0, 1, 0, 1, 0, 1, 2894, 1425, 0, 126, 'propietario'),
(24, 19, '..\\assets\\usuarios\\19\\24\\1.jpg', ' Emilio Pettoruti 542', 'Villa Real', 'Terreno', 1, 1, 0, 34810, 0, 0, 0, 0, 0, 0, 0, 1, 6763, 0, 0, 200, 'propietario'),
(25, 71, '..\\assets\\usuarios\\71\\25\\1.jpg', ' Victor Hugo 557', 'La Paternal', 'Terreno', 1, 1, 0, 87541, 1, 0, 0, 0, 0, 0, 0, 1, 6684, 0, 1, 200, 'inmobiliaria'),
(26, 80, '..\\assets\\usuarios\\80\\26\\1.jpg', ' 20 de Febrero 1203', 'Villa Riachuelo', 'Casa', 1, 2, 509865, 0, 1, 1, 0, 0, 1, 0, 0, 1, 6310, 3084, 1, 58, 'inmobiliaria'),
(27, 20, '..\\assets\\usuarios\\20\\27\\1.jpg', ' Dr Arturo Jauretche 874', 'Villa Real', 'Casa', 3, 1, 117933, 0, 1, 0, 1, 0, 1, 1, 1, 1, 9257, 4832, 1, 137, 'inmobiliaria'),
(28, 58, '..\\assets\\usuarios\\58\\28\\1.jpg', ' Fray Jose W Achaval 1118', 'Villa Crespo', 'Departamento', 4, 2, 309958, 0, 1, 1, 1, 0, 1, 1, 0, 1, 7286, 929, 1, 0, 'propietario'),
(29, 96, '..\\assets\\usuarios\\96\\29\\1.jpg', ' Rosario 1692', 'Vélez Sarsfield', 'Casa', 3, 3, 0, 66776, 0, 0, 1, 1, 0, 0, 1, 1, 8994, 6551, 0, 94, 'propietario'),
(30, 84, '..\\assets\\usuarios\\84\\30\\1.jpg', ' Charcas 916', 'Barracas', 'Departamento', 2, 3, 0, 46429, 1, 1, 1, 1, 0, 1, 1, 1, 4535, 4136, 1, 3, 'miba'),
(31, 37, '..\\assets\\usuarios\\37\\31\\1.jpg', ' Gral Cornelio Saavedra 1391', 'Parque Avellaneda', 'Terreno', 1, 1, 216299, 0, 0, 0, 0, 0, 0, 0, 0, 1, 7846, 0, 0, 200, 'inmobiliaria'),
(32, 15, '..\\assets\\usuarios\\15\\32\\1.jpg', ' Guzman 421', 'Palermo', 'Casa', 2, 3, 523048, 0, 0, 0, 1, 1, 1, 1, 1, 1, 5676, 3844, 1, 110, 'miba'),
(33, 27, '..\\assets\\usuarios\\27\\33\\1.jpg', ' Juan Vucetich 88', 'Puerto Madero', 'Oficina', 3, 1, 0, 34610, 0, 1, 0, 1, 0, 1, 0, 1, 3209, 1621, 1, 9, 'miba'),
(34, 33, '..\\assets\\usuarios\\33\\34\\1.jpg', ' Gervasio Espinosa 588', 'Villa Santa Rita', 'Casa', 3, 3, 831794, 0, 0, 1, 0, 0, 1, 0, 1, 1, 6756, 3802, 1, 26, 'inmobiliaria'),
(35, 13, '..\\assets\\usuarios\\13\\35\\1.jpg', ' Diego E Zavaleta 819', 'Parque Chacabuco', 'Cochera', 1, 1, 0, 51637, 1, 0, 0, 0, 0, 0, 0, 1, 5538, 102, 1, 35, 'propietario'),
(36, 83, '..\\assets\\usuarios\\83\\36\\1.jpg', ' Tomas Valencia 1607', 'Liniers', 'Departamento', 4, 3, 300640, 0, 1, 0, 1, 1, 0, 0, 1, 1, 8741, 7690, 0, 176, 'propietario'),
(37, 61, '..\\assets\\usuarios\\61\\37\\1.jpg', ' Nicolas Vila 784', 'Vélez Sarsfield', 'Terreno', 1, 1, 67903, 0, 1, 0, 0, 0, 0, 0, 0, 1, 9311, 0, 0, 200, 'propietario'),
(38, 14, '..\\assets\\usuarios\\14\\38\\1.jpg', ' Treinta y Tres Orientales 585', 'Almagro', 'Terreno', 1, 1, 0, 82871, 1, 0, 0, 0, 0, 0, 0, 1, 8615, 0, 1, 200, 'propietario'),
(39, 60, '..\\assets\\usuarios\\60\\39\\1.jpg', ' Policarpo Mom 1674', 'San Nicolás', 'Cochera', 1, 1, 0, 65218, 0, 0, 0, 0, 0, 0, 0, 1, 7053, 6656, 1, 187, 'inmobiliaria'),
(40, 77, '..\\assets\\usuarios\\77\\40\\1.jpg', ' El Recado 1981', 'Villa Devoto', 'Casa', 1, 1, 354503, 0, 0, 0, 1, 1, 1, 1, 0, 1, 7263, 5371, 0, 179, 'propietario'),
(41, 46, '..\\assets\\usuarios\\46\\41\\1.jpg', ' Sanabria 1095', 'Villa Devoto', 'Cochera', 1, 1, 860551, 0, 1, 0, 0, 0, 0, 0, 0, 1, 5326, 1303, 0, 0, 'propietario'),
(42, 28, '..\\assets\\usuarios\\28\\42\\1.jpg', ' Muñecas 665', 'La Paternal', 'Casa', 1, 2, 0, 50316, 0, 1, 1, 0, 1, 0, 0, 1, 9484, 1529, 1, 135, 'propietario'),
(43, 62, '..\\assets\\usuarios\\62\\43\\1.jpg', ' Patagones 702', 'Floresta', 'Departamento', 2, 2, 0, 35988, 1, 0, 1, 1, 0, 0, 0, 1, 5924, 1922, 1, 169, 'inmobiliaria'),
(44, 25, '..\\assets\\usuarios\\25\\44\\1.jpg', ' Colombia 332', 'Parque Avellaneda', 'Terreno', 1, 1, 0, 91867, 0, 0, 0, 0, 0, 0, 0, 1, 6734, 0, 1, 200, 'inmobiliaria'),
(45, 58, '..\\assets\\usuarios\\58\\45\\1.jpg', ' Punta Arenas 92', 'Villa Lugano', 'Cochera', 1, 1, 389390, 0, 0, 0, 0, 0, 0, 0, 0, 1, 6163, 4959, 1, 47, 'propietario'),
(46, 73, '..\\assets\\usuarios\\73\\46\\1.jpg', ' Gral B Victorica 691', 'Caballito', 'Departamento', 1, 2, 618088, 0, 0, 0, 1, 1, 1, 1, 0, 1, 4475, 2066, 1, 189, 'propietario'),
(47, 43, '..\\assets\\usuarios\\43\\47\\1.jpg', ' Chimborazo 208', 'San Cristóbal', 'Departamento', 3, 1, 0, 34230, 1, 1, 1, 0, 1, 0, 0, 1, 5959, 5913, 1, 163, 'propietario'),
(48, 75, '..\\assets\\usuarios\\75\\48\\1.jpg', ' Mandisovi 1312', 'Balvanera', 'Casa', 4, 1, 0, 88861, 0, 0, 1, 0, 1, 1, 1, 1, 4446, 1051, 0, 61, 'inmobiliaria'),
(49, 31, '..\\assets\\usuarios\\31\\49\\1.jpg', ' El Ñandu 391', 'Liniers', 'Terreno', 1, 1, 715085, 0, 0, 0, 0, 0, 0, 0, 0, 1, 6597, 0, 1, 200, 'miba'),
(50, 34, '..\\assets\\usuarios\\34\\50\\1.jpg', ' Jose Borches 1338', 'Villa Riachuelo', 'Departamento', 4, 1, 256568, 0, 0, 1, 1, 0, 1, 1, 0, 1, 8749, 4110, 1, 183, 'miba'),
(51, 86, '..\\assets\\usuarios\\86\\51\\1.jpg', ' Santa Teresa 1800', 'Saavedra', 'Departamento', 1, 1, 129483, 0, 0, 0, 0, 1, 1, 1, 0, 1, 7453, 3934, 0, 164, 'miba'),
(52, 15, '..\\assets\\usuarios\\15\\52\\1.jpg', ' Posta 620', 'Constitución', 'Departamento', 3, 3, 896517, 0, 1, 0, 1, 1, 1, 1, 0, 1, 8997, 1364, 0, 169, 'propietario'),
(53, 43, '..\\assets\\usuarios\\43\\53\\1.jpg', ' Cafayate 1188', 'Colegiales', 'Oficina', 3, 2, 592662, 0, 0, 1, 1, 1, 1, 1, 0, 1, 9957, 7698, 0, 105, 'miba'),
(54, 43, '..\\assets\\usuarios\\43\\54\\1.jpg', ' Santa Cruz 1286', 'Puerto Madero', 'Departamento', 1, 3, 0, 84995, 0, 0, 1, 0, 0, 1, 0, 1, 5343, 767, 1, 38, 'miba'),
(55, 73, '..\\assets\\usuarios\\73\\55\\1.jpg', ' Oslo 716', 'Flores', 'Oficina', 4, 2, 0, 60640, 0, 0, 0, 0, 1, 0, 0, 1, 4534, 197, 0, 171, 'propietario'),
(56, 84, '..\\assets\\usuarios\\84\\56\\1.jpg', ' Centenario 1132', 'San Nicolás', 'Cochera', 1, 1, 157876, 0, 0, 0, 0, 0, 0, 0, 0, 1, 2993, 1616, 1, 111, 'propietario'),
(57, 63, '..\\assets\\usuarios\\63\\57\\1.jpg', ' Jose Antonio Miralla 714', 'Retiro', 'Cochera', 1, 1, 313672, 0, 0, 0, 0, 0, 0, 0, 0, 1, 9059, 352, 1, 19, 'miba'),
(58, 69, '..\\assets\\usuarios\\69\\58\\1.jpg', ' Formosa 1723', 'Monte Castro', 'Cochera', 1, 1, 0, 85564, 0, 0, 0, 0, 0, 0, 0, 1, 9918, 6165, 1, 16, 'propietario'),
(59, 40, '..\\assets\\usuarios\\40\\59\\1.jpg', ' Agaces 1550', 'Villa Soldati', 'Oficina', 4, 3, 499375, 0, 0, 0, 0, 1, 1, 0, 1, 1, 6766, 6469, 1, 4, 'miba'),
(60, 71, '..\\assets\\usuarios\\71\\60\\1.jpg', ' Placido Martinez 1676', 'Parque Patricios', 'Departamento', 1, 2, 95726, 0, 0, 1, 1, 0, 1, 1, 1, 1, 8964, 6859, 1, 189, 'miba'),
(61, 82, '..\\assets\\usuarios\\82\\61\\1.jpg', ' Jose Pedro Varela 94', 'Saavedra', 'Oficina', 3, 1, 0, 74768, 1, 1, 1, 1, 1, 0, 1, 1, 9096, 6107, 1, 122, 'miba'),
(62, 49, '..\\assets\\usuarios\\49\\62\\1.jpg', ' Tuyuti 207', 'Palermo', 'Departamento', 3, 3, 795904, 0, 1, 0, 0, 0, 1, 1, 1, 1, 8001, 7131, 0, 55, 'propietario'),
(63, 97, '..\\assets\\usuarios\\97\\63\\1.jpg', ' Miguel Couto 1372', 'Nuñez', 'Terreno', 1, 1, 734349, 0, 0, 0, 0, 0, 0, 0, 0, 1, 2810, 0, 1, 200, 'propietario'),
(64, 90, '..\\assets\\usuarios\\90\\64\\1.jpg', ' Ambrosio Olmos 1189', 'Nueva Pompeya', 'Terreno', 1, 1, 0, 46959, 0, 0, 0, 0, 0, 0, 0, 1, 8819, 0, 0, 200, 'inmobiliaria'),
(65, 100, '..\\assets\\usuarios\\100\\65\\1.jpg', ' Hilario de Almeira 589', 'Parque Patricios', 'Cochera', 1, 1, 0, 71690, 0, 0, 0, 0, 0, 0, 0, 1, 8098, 6979, 0, 55, 'inmobiliaria'),
(66, 90, '..\\assets\\usuarios\\90\\66\\1.jpg', ' Tte Gral Luis J Dellepiane 187', 'San Telmo', 'Cochera', 1, 1, 0, 65522, 1, 0, 0, 0, 0, 0, 0, 1, 9530, 5549, 1, 40, 'propietario'),
(67, 23, '..\\assets\\usuarios\\23\\67\\1.jpg', ' Julian Navarro 1597', 'Palermo', 'Terreno', 1, 1, 237613, 0, 1, 0, 0, 0, 0, 0, 0, 1, 9981, 0, 0, 200, 'inmobiliaria'),
(68, 80, '..\\assets\\usuarios\\80\\68\\1.jpg', ' Del Temple 103', 'Barracas', 'Oficina', 1, 3, 781308, 0, 1, 1, 1, 1, 1, 0, 1, 1, 4921, 1103, 0, 78, 'inmobiliaria'),
(69, 11, '..\\assets\\usuarios\\11\\69\\1.jpg', ' Luis Braille 1379', 'Villa Lugano', 'Casa', 4, 1, 0, 96766, 1, 1, 1, 1, 1, 1, 0, 1, 4167, 3197, 1, 36, 'propietario'),
(70, 16, '..\\assets\\usuarios\\16\\70\\1.jpg', ' Virrey Liniers 493', 'Balvanera', 'Cochera', 1, 1, 0, 64638, 1, 0, 0, 0, 0, 0, 0, 1, 6761, 3791, 1, 125, 'propietario'),
(71, 3, '..\\assets\\usuarios\\3\\71\\1.jpg', ' Guardia Nacional 1669', 'Versalles', 'Oficina', 4, 1, 0, 37470, 0, 0, 0, 1, 0, 0, 0, 1, 7884, 5900, 1, 116, 'inmobiliaria'),
(72, 38, '..\\assets\\usuarios\\38\\72\\1.jpg', ' Tte Cnel Manuel Besares 1108', 'Villa General Mitre', 'Departamento', 1, 3, 841326, 0, 0, 1, 0, 0, 1, 0, 1, 1, 8318, 6720, 0, 150, 'inmobiliaria'),
(73, 78, '..\\assets\\usuarios\\78\\73\\1.jpg', ' Dr David Peña 1141', 'Villa Luro', 'Terreno', 1, 1, 0, 76419, 1, 0, 0, 0, 0, 0, 0, 1, 9840, 0, 1, 200, 'miba'),
(74, 100, '..\\assets\\usuarios\\100\\74\\1.jpg', ' Cbo Teodoro P Fels 570', 'Balvanera', 'Casa', 4, 2, 275765, 0, 1, 1, 0, 1, 0, 0, 0, 1, 1771, 964, 0, 6, 'inmobiliaria'),
(75, 42, '..\\assets\\usuarios\\42\\75\\1.jpg', ' Costanera Dr Achaval Rodriguez 278', 'Parque Avellaneda', 'Departamento', 2, 3, 555325, 0, 0, 0, 0, 0, 1, 1, 1, 1, 4638, 1252, 0, 71, 'inmobiliaria'),
(76, 82, '..\\assets\\usuarios\\82\\76\\1.jpg', ' Fortin Melincue 1740', 'La Paternal', 'Cochera', 1, 1, 177949, 0, 0, 0, 0, 0, 0, 0, 0, 1, 7256, 2259, 0, 155, 'inmobiliaria'),
(77, 47, '..\\assets\\usuarios\\47\\77\\1.jpg', ' Chilecito 898', 'Parque Avellaneda', 'Terreno', 1, 1, 266751, 0, 1, 0, 0, 0, 0, 0, 0, 1, 8746, 0, 1, 200, 'propietario'),
(78, 44, '..\\assets\\usuarios\\44\\78\\1.jpg', ' Wagner 281', 'San Telmo', 'Oficina', 4, 1, 192666, 0, 0, 0, 1, 0, 0, 1, 0, 1, 5874, 3684, 1, 50, 'propietario'),
(79, 23, '..\\assets\\usuarios\\23\\79\\1.jpg', ' Gral Juan M de Pueyrredon 1864', 'Villa Pueyrredón', 'Departamento', 3, 3, 166916, 0, 0, 0, 1, 1, 0, 0, 1, 1, 7972, 1662, 1, 58, 'miba'),
(80, 39, '..\\assets\\usuarios\\39\\80\\1.jpg', ' Regina Pacini de Alvear 1345', 'Colegiales', 'Terreno', 1, 1, 0, 74124, 0, 0, 0, 0, 0, 0, 0, 1, 9104, 0, 1, 200, 'miba'),
(81, 70, '..\\assets\\usuarios\\70\\81\\1.jpg', ' Gregorio Jaramillo 1027', 'Villa Riachuelo', 'Cochera', 1, 1, 332187, 0, 0, 0, 0, 0, 0, 0, 0, 1, 3785, 565, 0, 140, 'miba'),
(82, 11, '..\\assets\\usuarios\\11\\82\\1.jpg', ' Francisco Bucarelli 1390', 'Constitución', 'Cochera', 1, 1, 779197, 0, 0, 0, 0, 0, 0, 0, 0, 1, 3751, 3427, 0, 73, 'miba'),
(83, 77, '..\\assets\\usuarios\\77\\83\\1.jpg', ' Francisco Pizarro 1019', 'Floresta', 'Departamento', 3, 3, 0, 38984, 1, 0, 1, 1, 0, 0, 0, 1, 9743, 6495, 1, 139, 'propietario'),
(84, 67, '..\\assets\\usuarios\\67\\84\\1.jpg', ' Santiago Costamagna 1234', 'La Paternal', 'Terreno', 1, 1, 462608, 0, 1, 0, 0, 0, 0, 0, 0, 1, 7652, 0, 0, 200, 'miba'),
(85, 78, '..\\assets\\usuarios\\78\\85\\1.jpg', ' Alberto Williams 85', 'La Paternal', 'Terreno', 1, 1, 134406, 0, 1, 0, 0, 0, 0, 0, 0, 1, 8142, 0, 0, 200, 'inmobiliaria'),
(86, 89, '..\\assets\\usuarios\\89\\86\\1.jpg', ' Virrey Joaquin del Pino 1956', 'Colegiales', 'Departamento', 1, 3, 686757, 0, 1, 0, 1, 1, 1, 1, 0, 1, 8938, 4386, 0, 101, 'inmobiliaria'),
(87, 63, '..\\assets\\usuarios\\63\\87\\1.jpg', ' Juana Manso 1417', 'Villa Lugano', 'Oficina', 3, 1, 844479, 0, 0, 0, 1, 1, 1, 0, 0, 1, 9623, 7456, 0, 164, 'propietario'),
(88, 98, '..\\assets\\usuarios\\98\\88\\1.jpg', ' Matanza 29', 'Boedo', 'Departamento', 3, 1, 574630, 0, 0, 1, 1, 0, 0, 1, 1, 1, 8928, 3467, 1, 24, 'miba'),
(89, 40, '..\\assets\\usuarios\\40\\89\\1.jpg', ' Gelly Obes 1322', 'Villa General Mitre', 'Oficina', 4, 2, 0, 60650, 1, 1, 1, 0, 0, 0, 1, 1, 5535, 2517, 0, 191, 'propietario'),
(90, 19, '..\\assets\\usuarios\\19\\90\\1.jpg', ' Stephenson 1733', 'Floresta', 'Oficina', 3, 1, 127800, 0, 0, 0, 1, 0, 1, 1, 0, 1, 4832, 1504, 0, 143, 'propietario'),
(91, 56, '..\\assets\\usuarios\\56\\91\\1.jpg', ' Madero 820', 'Puerto Madero', 'Casa', 1, 1, 0, 23755, 0, 1, 1, 1, 1, 0, 0, 1, 646, 173, 1, 160, 'propietario'),
(92, 33, '..\\assets\\usuarios\\33\\92\\1.jpg', ' 11 de Septiembre de 1888 215', 'Parque Chas', 'Oficina', 1, 1, 133875, 0, 1, 0, 1, 0, 0, 0, 1, 1, 7537, 1818, 0, 16, 'propietario'),
(93, 24, '..\\assets\\usuarios\\24\\93\\1.jpg', ' Cnel Carlos Sourigues 1780', 'Villa Real', 'Terreno', 1, 1, 895570, 0, 1, 0, 0, 0, 0, 0, 0, 1, 9169, 0, 0, 200, 'miba'),
(94, 19, '..\\assets\\usuarios\\19\\94\\1.jpg', ' Dante 133', 'Mataderos', 'Departamento', 4, 3, 0, 29253, 1, 1, 1, 1, 1, 1, 1, 1, 2478, 1732, 0, 132, 'inmobiliaria'),
(95, 6, '..\\assets\\usuarios\\6\\95\\1.jpg', ' Tinogasta 280', 'Villa Riachuelo', 'Casa', 1, 1, 0, 90182, 1, 0, 1, 0, 0, 1, 1, 1, 8104, 7352, 1, 23, 'miba'),
(96, 7, '..\\assets\\usuarios\\7\\96\\1.jpg', ' Yrupe 347', 'Mataderos', 'Casa', 3, 2, 497809, 0, 0, 0, 1, 1, 0, 0, 0, 1, 9776, 1416, 0, 93, 'propietario'),
(97, 90, '..\\assets\\usuarios\\90\\97\\1.jpg', ' Cnel Pedro Garcia 1826', 'Villa Ortúzar', 'Cochera', 1, 1, 0, 27435, 0, 0, 0, 0, 0, 0, 0, 1, 9114, 7823, 0, 36, 'inmobiliaria'),
(98, 23, '..\\assets\\usuarios\\23\\98\\1.jpg', ' Fortunato Devoto 572', 'Boedo', 'Casa', 2, 1, 0, 28753, 0, 0, 0, 1, 0, 0, 1, 1, 7657, 1431, 1, 130, 'miba'),
(99, 58, '..\\assets\\usuarios\\58\\99\\1.jpg', ' Ariel 384', 'Parque Chas', 'Oficina', 3, 3, 886835, 0, 1, 0, 1, 1, 1, 1, 1, 1, 7831, 5771, 1, 128, 'propietario'),
(100, 56, '..\\assets\\usuarios\\56\\100\\1.jpg', ' Santa Catalina 1701', 'Mataderos', 'Cochera', 1, 1, 774661, 0, 0, 0, 0, 0, 0, 0, 0, 1, 9510, 6658, 1, 146, 'inmobiliaria'),
(101, 2, '../assets/usuarios/2/101/1.jpg', 'Ortega 400', 'Flores', 'Casa', 3, 2, 200000, 0, 1, 0, 0, 1, 1, 0, 1, 1, 100, 80, 0, 30, 'propietario'),
(102, 2, '../assets/usuarios/2/102/1.jpg', 'libertador 2000', 'Palermo', 'Departamento', 3, 1, 0, 50000, 0, 1, 1, 0, 0, 1, 0, 1, 80, 80, 0, 20, 'propietario'),
(103, 1, '../assets/usuarios/1/103/1.jpg', 'Mitre 1500', 'Constitución', 'Oficina', 1, 1, 0, 30000, 0, 1, 0, 0, 0, 0, 1, 1, 50, 50, 1, 20, 'miba'),
(105, 1, '../assets/usuarios/1/104/1.jpg', 'zarasa 2022', 'Palermo', 'Terreno', 1, 1, 15, 0, 0, 0, 0, 0, 0, 0, 0, 1, 9001, 0, 1, 200, 'miba'),
(106, 1, '../assets/usuarios/1/106/1.jpg', 'zarasa 2021', 'Boedo', 'Departamento', 2, 3, 200, 0, 1, 0, 0, 1, 1, 0, 1, 1, 2020, NULL, 1, NULL, 'miba');

-- --------------------------------------------------------

--
-- Estructura de tabla para la tabla `usuarios`
--

CREATE TABLE `usuarios` (
  `id_usuario` mediumint(8) UNSIGNED NOT NULL,
  `usuario` varchar(100) NOT NULL,
  `contraseña` varchar(100) NOT NULL,
  `correo` varchar(100) NOT NULL,
  `activa` tinyint(1) DEFAULT 1
) ENGINE=InnoDB DEFAULT CHARSET=utf8mb4;

--
-- Volcado de datos para la tabla `usuarios`
--

INSERT INTO `usuarios` (`id_usuario`, `usuario`, `contraseña`, `correo`, `activa`) VALUES
(1, 'admin1', 'admin123', 'admin@miba.org', 1),
(2, 'aachen', 'ackerman', '1127.kimberly@gmail.com', 1),
(3, 'aalborg', 'alexander', '1539601486@qq.com', 1),
(4, 'aalesund', 'anderson', '1990G8REngineer@gmail.com', 1),
(5, 'aardvark', 'annunzio', '1constmgr@gmail.com', 1),
(6, 'aardwolf', 'applegate', '1jlanger@comcast.net', 1),
(7, 'aargau', 'ballenger', '1kr.davis@gmail.com', 1),
(8, 'aarhus', 'bartlett', '1marini@bellsouth.net', 1),
(9, 'aarika', 'beilenson', '1rajiv@gmail.com', 1),
(10, 'aaronaaronic', 'benjamin', '1seh@earthlink.net', 1),
(11, 'aaronson', 'bereuter', '2001g8tor@gmail.com', 1),
(12, 'abacist', 'bilirakis', '2001soni@gmail.com', 1),
(13, 'abacus', 'bingaman', '2001ufgator@comcast.net', 1),
(14, 'abadan', 'boehlert', '2011AZChris@Gmail.com', 1),
(15, 'abaddon', 'brewster', '2014@visionengineering.us', 1),
(16, 'abagael', 'broomfield', '22iriswalden@gmail.com', 1),
(17, 'abagail', 'bustamante', '24mlove24@gmail.com', 1),
(18, 'abalone', 'callahan', '281livengood@comcast.net', 1),
(19, 'abampere', 'campbell', '2brian.broussard@gmail.com', 1),
(20, 'abandon', 'chalmers', '2chris.clark@gmail.com', 1),
(21, 'abandoned', 'chandler', '2dennykort@gmail.com', 1),
(22, 'abarca', 'christopher', '2divefor@embarqmail.com', 1),
(23, 'abatement', 'claiborne', '2dsherrill@gmail.com', 1),
(24, 'abatis', 'clarence', '2jssogge@q.com', 1),
(25, 'abattoir', 'clifford', '3.0x10e8@gmail.com', 1),
(26, 'abaxial', 'constance', '3000mendez@gmail.com', 1),
(27, 'abbacy', 'costello', '3720@cfl.rr.com', 1),
(28, 'abbasid', 'coughlin', '3dnielsen@gmail.com', 1),
(29, 'abbate', 'cranston', '3krids3653@gmail.com', 1),
(30, 'abbatial', 'cunningham', '3ncfishers@gmail.com', 1),
(31, 'abbess', 'danforth', '3pinestreefarm@tampabay.rr.com', 1),
(32, 'abbevillian', 'dannemeyer', '3rdtry137@comcast.net', 1),
(33, 'abbeyabbi', 'deconcini', '450KNOBBY@ATT.NET', 1),
(34, 'abbieabbot', 'dickinson', '4av@bellsouth.net', 1),
(35, 'abbotsen', 'domenici', '4millers@tampabay.rr.com', 1),
(36, 'abbotson', 'donnelly', '4panders4@gmail.com', 1),
(37, 'abbotsun', 'doolittle', '5brown@fit.edu', 1),
(38, 'abbott', 'durenberger', '5gators@gmail.com', 1),
(39, 'abbottson', 'edolphus', '5Houstons@tampabay.rr.com', 1),
(40, 'abbreviate', 'elizabeth', '5remichs@cox.net', 1),
(41, 'abbreviated', 'erdreich', '5trimbles@suddenlink.net', 1),
(42, 'abbreviation', 'foglietta', '64panhead@comcast.net', 1),
(43, 'abbyabbye', 'frederick', '689@comcast.net', 1),
(44, 'abcoulomb', 'gallegly', '69runner@charter.net', 1),
(45, 'abdella', 'gejdenson', '6Romas@GMail.com', 1),
(46, 'abdias', 'gephardt', '71herom@gmail.com', 1),
(47, 'abdicate', 'gilchrest', '789spark@att.net', 1),
(48, 'abdication', 'gingrich', '7he@7he.us', 1),
(49, 'abdomen', 'glickman', '7radar7@verizon.net', 1),
(50, 'abdominal', 'gonzalez', '86944T@BELLSOUTH.NET', 1),
(51, 'abdominous', 'goodling', '9327@pbsj.com', 1),
(52, 'abduce', 'gradison', '940smith@gmail.com', 1),
(53, 'abducent', 'grassley', '97gator1@gmail.com', 1),
(54, 'abduct', 'gunderson', '9ESW9@BELLSOUTH.NET', 1),
(55, 'abduction', 'hamilton', 'a.alavi@gmail.com', 1),
(56, 'abductor', 'hammerschmidt', 'a.anaya@esrpcorp.com', 1),
(57, 'abdulabdulla', 'hatfield', 'a.baker.ab@gmail.com', 1),
(58, 'abdullah', 'hoagland', 'a.booth@coastal-plain.com', 1),
(59, 'abeabeam', 'hochbrueckner', 'a.call@gaiconsultants.com', 1),
(60, 'abecedarian', 'hollings', 'a.cherko@umiami.edu', 1),
(61, 'abecedarium', 'holloway', 'a.d.caicedo@gmail.com', 1),
(62, 'abecedary', 'houghton', 'a.e.restrepo@gmail.com', 1),
(63, 'abednego', 'jefferson', 'a.esposito330@gmail.com', 1),
(64, 'abelabelard', 'jeffords', 'a.f.shepard@gmail.com', 1),
(65, 'abelmosk', 'johnston', 'a.ferree@knights.ucf.edu', 1),
(66, 'abeokuta', 'kanjorski', 'a.greig.garland@gmail.com', 1),
(67, 'abercrombie', 'kassebaum', 'a.j.yatsko@gmail.com', 1),
(68, 'abercromby', 'kennelly', 'a.jordan.thomas@gmail.com', 1),
(69, 'aberdare', 'kopetski', 'a.koo@robertco.com', 1),
(70, 'aberdeen', 'kostmayer', 'A.KPA@VERIZON.NET', 1),
(71, 'abernathy', 'lagomarsino', 'a.l.barredo@fpl.com', 1),
(72, 'abernethy', 'lancaster', 'a.may2973@gmail.com', 1),
(73, 'abernon', 'laughlin', 'a.millward@millwardeng.com', 1),
(74, 'aberrant', 'lautenberg', 'a.neemeh@hotmail.com', 1),
(75, 'aberration', 'lawrence', 'A.NOOROLLAHI@YAHOO.COM', 1),
(76, 'abessive', 'lehtinen', 'a.nordlinger@ieee.org', 1),
(77, 'abettor', 'lieberman', 'a.nurse@umiami.edu', 1),
(78, 'abeyance', 'lightfoot', 'a.oliver@outlook.com', 1),
(79, 'abeyant', 'lipinski', 'a.porges@umiami.edu', 1),
(80, 'abeyta', 'livingston', 'a.redono22@gmail.com', 1),
(81, 'abfarad', 'machtley', 'a.roland.holt@att.net', 1),
(82, 'abhenry', 'marlenee', 'a.s.harris1@gmail.com', 1),
(83, 'abhorrence', 'martinez', 'a.senyushkina@yahoo.com', 1),
(84, 'abhorrent', 'mavroules', 'a.shoraka@unf.edu', 1),
(85, 'abiding', 'mccandless', 'a.siegel@unf.edu', 1),
(86, 'abidjan', 'mccloskey', 'a.zaher@umiami.edu', 1),
(87, 'abigael', 'mccollum', 'a_bandela@hotmail.com', 1),
(88, 'abigail', 'mcconnell', 'a_elagroudy@yahoo.com', 1),
(89, 'abigailabigale', 'mcdermott', 'a_falletta@fallettaengineering.com', 1),
(90, 'abijah', 'mcmillan', 'a_j_perez@hotmail.com', 1),
(91, 'abilene', 'mcmillen', 'a_malats71@hotmail.com', 1),
(92, 'ability', 'metzenbaum', 'A_menjohnson@hotmail.com', 1),
(93, 'abingdon', 'mikulski', 'a_michuda@yahoo.com', 1),
(94, 'abiogenesis', 'mitchell', 'a_r_bravo@hotmail.com', 1),
(95, 'abiogenetic', 'molinari', 'a_shasti@yahoo.com', 1),
(96, 'abiosis', 'mollohan', 'a_travist2004@yahoo.com', 1),
(97, 'abiotic', 'montgomery', 'a-10@comcast.net', 1),
(98, 'abirritant', 'moorhead', 'a1m33_t4y@hotmail.com', 1),
(99, 'abirritate', 'morrison', 'a237532@gmail.com', 1),
(100, 'abisha', 'moynihan', 'a3lsalg@comcast.net', 1),
(101, 'Juanito', 'Fernandez', 'sancarlos@edu.org', 1),
(102, 'aaberg', 'abercrombie', '053sph@gmail.com', 1);

--
-- Índices para tablas volcadas
--

--
-- Indices de la tabla `ofertas`
--
ALTER TABLE `ofertas`
  ADD PRIMARY KEY (`id_oferta`),
  ADD KEY `id_usuario` (`id_usuario`),
  ADD KEY `id_prop` (`id_prop`);

--
-- Indices de la tabla `propiedades`
--
ALTER TABLE `propiedades`
  ADD PRIMARY KEY (`id_prop`),
  ADD KEY `id_usuario` (`id_usuario`);

--
-- Indices de la tabla `usuarios`
--
ALTER TABLE `usuarios`
  ADD PRIMARY KEY (`id_usuario`),
  ADD UNIQUE KEY `usuario` (`usuario`);

--
-- AUTO_INCREMENT de las tablas volcadas
--

--
-- AUTO_INCREMENT de la tabla `ofertas`
--
ALTER TABLE `ofertas`
  MODIFY `id_oferta` mediumint(8) UNSIGNED NOT NULL AUTO_INCREMENT, AUTO_INCREMENT=320;

--
-- AUTO_INCREMENT de la tabla `propiedades`
--
ALTER TABLE `propiedades`
  MODIFY `id_prop` mediumint(8) UNSIGNED NOT NULL AUTO_INCREMENT, AUTO_INCREMENT=107;

--
-- AUTO_INCREMENT de la tabla `usuarios`
--
ALTER TABLE `usuarios`
  MODIFY `id_usuario` mediumint(8) UNSIGNED NOT NULL AUTO_INCREMENT, AUTO_INCREMENT=502;

--
-- Restricciones para tablas volcadas
--

--
-- Filtros para la tabla `ofertas`
--
ALTER TABLE `ofertas`
  ADD CONSTRAINT `ofertas_ibfk_1` FOREIGN KEY (`id_usuario`) REFERENCES `usuarios` (`id_usuario`),
  ADD CONSTRAINT `ofertas_ibfk_2` FOREIGN KEY (`id_prop`) REFERENCES `propiedades` (`id_prop`);

--
-- Filtros para la tabla `propiedades`
--
ALTER TABLE `propiedades`
  ADD CONSTRAINT `propiedades_ibfk_1` FOREIGN KEY (`id_usuario`) REFERENCES `usuarios` (`id_usuario`);
COMMIT;

/*!40101 SET CHARACTER_SET_CLIENT=@OLD_CHARACTER_SET_CLIENT */;
/*!40101 SET CHARACTER_SET_RESULTS=@OLD_CHARACTER_SET_RESULTS */;
/*!40101 SET COLLATION_CONNECTION=@OLD_COLLATION_CONNECTION */;
